{
  "title": "Module 2 – Calculator (22 Questions)",
  "sections": [
    {
      "type": "mcq",
      "items": [
        {
          "id": "M2-Q1",
          "title": "Calculator Q1 — Multiple Choice",
          "letters": [
            "A",
            "B",
            "C",
            "D"
          ],
          "answer": "C"
        },
        {
          "id": "M2-Q2",
          "title": "Calculator Q2 — Multiple Choice",
          "letters": [
            "A",
            "B",
            "C",
            "D"
          ],
          "answer": "B"
        },
        {
          "id": "M2-Q3",
          "title": "Calculator Q3 — Multiple Choice",
          "letters": [
            "A",
            "B",
            "C",
            "D"
          ],
          "answer": "C"
        },
        {
          "id": "M2-Q4",
          "title": "Calculator Q4 — Multiple Choice",
          "letters": [
            "A",
            "B",
            "C",
            "D"
          ],
          "answer": "C"
        },
        {
          "id": "M2-Q5",
          "title": "Calculator Q5 — Multiple Choice",
          "letters": [
            "A",
            "B",
            "C",
            "D"
          ],
          "answer": "B"
        },
        {
          "id": "M2-Q6",
          "title": "Calculator Q6 — Multiple Choice",
          "letters": [
            "A",
            "B",
            "C",
            "D"
          ],
          "answer": "A"
        },
        {
          "id": "M2-Q7",
          "title": "Calculator Q7 — Multiple Choice",
          "letters": [
            "A",
            "B",
            "C",
            "D"
          ],
          "answer": "D"
        },
        {
          "id": "M2-Q8",
          "title": "Calculator Q8 — Multiple Choice",
          "letters": [
            "A",
            "B",
            "C",
            "D"
          ],
          "answer": "C"
        },
        {
          "id": "M2-Q9",
          "title": "Calculator Q9 — Multiple Choice",
          "letters": [
            "A",
            "B",
            "C",
            "D"
          ],
          "answer": "B"
        },
        {
          "id": "M2-Q10",
          "title": "Calculator Q10 — Multiple Choice",
          "letters": [
            "A",
            "B",
            "C",
            "D"
          ],
          "answer": "D"
        },
        {
          "id": "M2-Q11",
          "title": "Calculator Q11 — Multiple Choice",
          "letters": [
            "A",
            "B",
            "C",
            "D"
          ],
          "answer": "B"
        },
        {
          "id": "M2-Q12",
          "title": "Calculator Q12 — Multiple Choice",
          "letters": [
            "A",
            "B",
            "C",
            "D"
          ],
          "answer": "D"
        },
        {
          "id": "M2-Q13",
          "title": "Calculator Q13 — Multiple Choice",
          "letters": [
            "A",
            "B",
            "C",
            "D"
          ],
          "answer": "D"
        },
        {
          "id": "M2-Q14",
          "title": "Calculator Q14 — Multiple Choice",
          "letters": [
            "A",
            "B",
            "C",
            "D"
          ],
          "answer": "A"
        },
        {
          "id": "M2-Q15",
          "title": "Calculator Q15 — Multiple Choice",
          "letters": [
            "A",
            "B",
            "C",
            "D"
          ],
          "answer": "A"
        },
        {
          "id": "M2-Q16",
          "title": "Calculator Q16 — Multiple Choice",
          "letters": [
            "A",
            "B",
            "C",
            "D"
          ],
          "answer": "B"
        },
        {
          "id": "M2-Q17",
          "title": "Calculator Q17 — Multiple Choice",
          "letters": [
            "A",
            "B",
            "C",
            "D"
          ],
          "answer": "B"
        },
        {
          "id": "M2-Q18",
          "title": "Calculator Q18 — Multiple Choice",
          "letters": [
            "A",
            "B",
            "C",
            "D"
          ],
          "answer": "B"
        }
      ]
    },
    {
      "type": "gridin",
      "items": [
        {
          "id": "M2-Q19",
          "title": "Calculator Grid-In Q31",
          "answers": [
            "4",
            "5"
          ]
        },
        {
          "id": "M2-Q20",
          "title": "Calculator Grid-In Q33",
          "answers": [
            "9"
          ]
        },
        {
          "id": "M2-Q21",
          "title": "Calculator Grid-In Q34",
          "answers": [
            "5/8",
            "0.625"
          ]
        },
        {
          "id": "M2-Q22",
          "title": "Calculator Grid-In Q37",
          "answers": [
            "7"
          ]
        }
      ]
    }
  ]
}